generation,tick,preys_alive,predators_alive,food_alive,max_preys_this_gen,max_predators_this_gen,BestPreyFit,BestPredFit
0,0,100,50,250,100,50
0,50,97,50,250,100,50,40,10
0,100,88,54,250,100,54,60,30
0,150,78,60,250,100,60,70,50
0,200,69,64,250,100,64,90,90
0,250,59,67,250,100,67,90,120
0,300,45,61,250,100,67,100,120
0,350,43,56,250,100,67,120,120
0,400,40,52,250,100,67,130,120
0,450,37,48,250,100,67,160,120
0,500,33,38,250,100,67,160,120
0,550,32,31,250,100,67,160,120
0,600,27,26,250,100,67,160,120
0,650,23,26,250,100,67,160,120
0,700,22,23,250,100,67,160,120
0,750,20,20,250,100,67,150,120
0,800,19,17,250,100,67,150,110
0,850,25,16,250,100,67,180,110
0,900,30,15,250,100,67,200,110
0,950,35,14,250,100,67,210,110
0,1000,37,12,250,100,67,230,110
0,1050,39,10,250,100,67,230,110
0,1100,39,7,250,100,67,240,110
0,1150,41,7,250,100,67,270,120
0,1200,43,6,250,100,67,290,120
0,1250,47,7,250,100,67,300,120
0,1300,46,7,250,100,67,300,130
0,1350,49,6,250,100,67,310,130
0,1400,54,6,250,100,67,310,130
0,1450,67,5,250,100,67,340,130
0,1500,74,5,250,100,67,370,140
0,1550,88,4,250,100,67,400,140
0,1600,103,4,250,103,67,430,160
0,1650,119,4,250,119,67,440,160
0,1700,134,4,250,134,67,450,160
0,1750,150,4,250,150,67,480,160
0,1800,150,4,250,150,67,490,170
0,1850,150,5,250,150,67,510,190
0,1900,150,5,250,150,67,540,190
0,1950,150,5,250,150,67,550,200
0,2000,149,6,250,150,67,580,200
0,2050,150,6,250,150,67,610,200
0,2100,148,9,250,150,67,600,240
0,2150,150,12,250,150,67,600,260
0,2200,150,13,250,150,67,600,260
0,2250,149,16,250,150,67,600,270
0,2300,150,22,250,150,67,610,280
0,2350,149,25,250,150,67,610,300
0,2400,148,32,250,150,67,620,300
0,2450,150,39,250,150,67,640,310
0,2500,150,47,250,150,67,660,330
0,2550,150,53,250,150,67,670,350
0,2600,150,58,250,150,67,700,370
0,2650,150,61,250,150,67,690,370
0,2700,147,62,250,150,67,680,370
0,2750,149,56,250,150,67,680,370
0,2800,144,56,250,150,67,680,400
0,2850,144,56,250,150,67,700,400
0,2900,136,59,250,150,67,730,420
0,2950,133,59,250,150,67,740,420
0,3000,123,55,250,150,67,770,430
1,0,100,50,250,100,50
1,0,100,50,250,100,50
1,50,94,52,250,100,52,40,30
1,100,90,57,250,100,57,60,40
1,150,83,64,250,100,64,70,50
1,200,73,71,250,100,71,70,60
1,250,64,77,250,100,77,70,80
1,300,58,78,250,100,78,100,80
1,350,59,74,250,100,78,120,90
1,400,57,71,250,100,78,130,110
1,450,54,69,250,100,78,150,110
1,500,49,71,250,100,78,160,110
1,550,52,65,250,100,78,190,110
1,600,39,57,250,100,78,190,120
1,650,40,55,250,100,78,190,120
1,700,35,54,250,100,78,240,120
1,750,31,50,250,100,78,250,140
1,800,31,47,250,100,78,280,140
1,850,34,46,250,100,78,300,140
1,900,35,42,250,100,78,310,140
1,950,26,36,250,100,78,340,140
1,1000,30,35,250,100,78,370,140
1,1050,36,31,250,100,78,400,140
1,1100,42,28,250,100,78,400,140
1,1150,41,26,250,100,78,400,140
1,1200,39,23,250,100,78,400,150
1,1250,43,21,250,100,78,400,150
1,1300,46,17,250,100,78,430,160
1,1350,45,19,250,100,78,460,180
1,1400,48,18,250,100,78,490,180
1,1450,52,18,250,100,78,510,200
1,1500,48,18,250,100,78,550,200
1,1550,52,16,250,100,78,580,210
1,1600,59,16,250,100,78,600,210
1,1650,62,17,250,100,78,610,220
1,1700,57,21,250,100,78,580,260
1,1750,56,23,250,100,78,600,270
1,1800,60,28,250,100,78,610,290
1,1850,68,29,250,100,78,610,300
1,1900,77,29,250,100,78,630,300
1,1950,93,30,250,100,78,660,300
1,2000,110,35,250,110,78,700,320
1,2050,136,40,250,136,78,730,340
1,2100,150,42,250,150,78,730,350
1,2150,150,44,250,150,78,760,360
1,2200,150,51,250,150,78,790,360
1,2250,149,57,250,150,78,790,390
1,2300,136,65,250,150,78,790,400
1,2350,141,73,250,150,78,810,420
1,2400,142,75,250,150,78,810,440
1,2450,130,86,250,150,86,810,460
1,2500,114,95,250,150,95,820,470
1,2550,103,99,250,150,100,850,500
1,2600,87,99,250,150,100,850,520
1,2650,78,98,250,150,100,880,530
1,2700,67,99,250,150,100,900,530
1,2750,54,99,250,150,100,910,530
1,2800,51,91,250,150,100,930,530
1,2850,42,91,250,150,100,940,530
1,2900,41,86,250,150,100,970,530
1,2950,41,89,250,150,100,1000,560
1,3000,35,90,250,150,100,1030,560
2,0,100,50,250,100,50
2,0,100,50,250,100,50
2,50,94,54,250,100,54,40,60
2,100,93,67,250,104,67,60,90
2,150,88,77,250,104,77,90,110
2,200,81,90,250,104,90,100,130
2,250,68,100,250,104,100,120,130
2,300,63,100,250,104,100,130,130
2,350,53,100,250,104,100,180,130
2,400,45,100,250,104,100,210,140
2,450,38,100,250,104,100,220,140
2,500,24,96,250,104,100,250,160
2,550,22,96,250,104,100,270,160
2,600,21,93,250,104,100,270,160
2,650,18,83,250,104,100,280,160
2,700,17,78,250,104,100,220,160
2,750,18,70,250,104,100,250,160
2,800,23,61,250,104,100,300,160
2,850,24,50,250,104,100,310,160
2,900,24,46,250,104,100,340,160
2,950,24,41,250,104,100,340,160
2,1000,30,37,250,104,100,390,160
2,1050,37,35,250,104,100,400,160
2,1100,46,36,250,104,100,420,160
2,1150,51,31,250,104,100,430,160
2,1200,52,32,250,104,100,450,160
2,1250,62,28,250,104,100,480,160
2,1300,69,28,250,104,100,490,160
2,1350,73,25,250,104,100,520,170
2,1400,79,26,250,104,100,550,180
2,1450,87,27,250,104,100,580,180
2,1500,96,28,250,104,100,610,200
2,1550,100,30,250,104,100,640,220
2,1600,109,31,250,109,100,640,220
2,1650,119,37,250,119,100,640,230
2,1700,133,42,250,136,100,660,240
2,1750,148,47,250,150,100,670,250
2,1800,148,52,250,150,100,700,260
2,1850,149,57,250,150,100,730,270
2,1900,145,69,250,150,100,760,310
2,1950,147,88,250,150,100,780,340
2,2000,146,95,250,150,100,810,340
2,2050,144,100,250,150,100,820,340
2,2100,145,100,250,150,100,850,340
2,2150,134,100,250,150,100,850,360
2,2200,121,100,250,150,100,850,390
2,2250,120,100,250,150,100,880,400
2,2300,103,100,250,150,100,900,400
2,2350,90,100,250,150,100,930,400
2,2400,81,100,250,150,100,940,400
2,2450,87,100,250,150,100,970,400
2,2500,82,100,250,150,100,970,430
2,2550,84,98,250,150,100,1000,440
2,2600,80,97,250,150,100,1030,440
2,2650,79,97,250,150,100,1050,440
2,2700,68,99,250,150,100,1060,450
2,2750,60,95,250,150,100,1090,470
2,2800,55,98,250,150,100,1120,490
2,2850,51,100,250,150,100,1120,490
2,2900,53,100,250,150,100,1140,520
2,2950,52,98,250,150,100,1180,530
2,3000,44,94,250,150,100,1120,530
3,0,100,50,250,100,50
3,0,100,50,250,100,50
3,50,92,53,250,100,53,40,30
3,100,88,66,250,100,66,60,60
3,150,94,79,250,101,79,70,70
3,200,98,88,250,103,88,100,80
3,250,92,100,250,103,100,130,100
3,300,90,100,250,103,100,150,130
3,350,80,100,250,103,100,180,150
3,400,74,100,250,103,100,180,180
3,450,66,100,250,103,100,190,210
3,500,53,100,250,103,100,220,220
3,550,36,98,250,103,100,210,220
3,600,34,98,250,103,100,220,230
3,650,30,95,250,103,100,270,230
3,700,23,97,250,103,100,250,230
3,750,17,100,250,103,100,190,230
3,800,12,96,250,103,100,200,230
3,850,10,93,250,103,100,220,230
3,900,7,83,250,103,100,230,230
3,950,6,72,250,103,100,250,230
3,1000,5,66,250,103,100,270,230
3,1050,6,56,250,103,100,310,230
3,1100,8,47,250,103,100,340,230
3,1150,8,40,250,103,100,340,230
3,1200,8,32,250,103,100,340,230
3,1250,8,28,250,103,100,370,230
3,1300,8,26,250,103,100,390,230
3,1350,11,20,250,103,100,430,200
3,1400,15,17,250,103,100,450,200
3,1450,17,15,250,103,100,460,200
3,1500,16,12,250,103,100,460,200
3,1550,18,12,250,103,100,490,200
3,1600,26,11,250,103,100,510,200
3,1650,37,11,250,103,100,520,200
3,1700,46,11,250,103,100,550,200
3,1750,61,11,250,103,100,580,200
3,1800,73,11,250,103,100,580,200
3,1850,84,12,250,103,100,600,220
3,1900,98,9,250,103,100,610,220
3,1950,109,8,250,109,100,640,230
3,2000,123,8,250,123,100,670,230
3,2050,132,10,250,135,100,700,250
3,2100,149,12,250,149,100,730,300
3,2150,149,18,250,150,100,750,330
3,2200,150,20,250,150,100,760,330
3,2250,149,26,250,150,100,790,360
3,2300,150,31,250,150,100,820,380
3,2350,150,35,250,150,100,840,400
3,2400,147,44,250,150,100,870,420
3,2450,149,48,250,150,100,880,430
3,2500,149,49,250,150,100,910,440
3,2550,149,55,250,150,100,910,440
3,2600,149,59,250,150,100,940,450
3,2650,150,66,250,150,100,940,480
3,2700,149,66,250,150,100,940,490
3,2750,145,66,250,150,100,940,520
3,2800,135,70,250,150,100,940,540
3,2850,128,75,250,150,100,950,540
3,2900,128,77,250,150,100,950,540
3,2950,100,80,250,150,100,960,580
3,3000,79,79,250,150,100,970,600
4,0,100,50,250,100,50
4,0,100,50,250,100,50
4,50,102,52,250,102,52,40,30
4,100,102,64,250,108,64,70,70
4,150,112,77,250,113,77,90,100
4,200,100,95,250,118,95,100,140
4,250,76,100,250,118,100,130,150
4,300,64,100,250,118,100,160,170
4,350,57,100,250,118,100,180,190
4,400,41,100,250,118,100,190,200
4,450,40,99,250,118,100,190,200
4,500,33,97,250,118,100,200,210
4,550,28,92,250,118,100,200,210
4,600,26,86,250,118,100,220,210
4,650,26,81,250,118,100,220,210
4,700,23,75,250,118,100,230,210
4,750,21,66,250,118,100,230,210
4,800,18,64,250,118,100,230,230
4,850,13,51,250,118,100,230,230
4,900,11,44,250,118,100,230,230
4,950,8,38,250,118,100,230,230
4,1000,7,34,250,118,100,230,230
4,1050,4,30,250,118,100,230,230
4,1100,4,25,250,118,100,230,230
4,1150,2,16,250,118,100,240,230
4,1200,1,12,250,118,100,110,230
4,1250,1,9,250,118,100,120,220
4,1300,2,7,250,118,100,140,220
4,1350,3,7,250,118,100,170,220
4,1400,3,5,250,118,100,170,150
4,1450,3,4,250,118,100,180,150
4,1500,4,4,250,118,100,210,150
4,1550,5,4,250,118,100,240,150
4,1600,6,3,250,118,100,260,150
4,1650,5,3,250,118,100,270,150
4,1700,7,2,250,118,100,290,150
4,1750,9,2,250,118,100,300,150
4,1800,9,2,250,118,100,300,150
4,1850,10,2,250,118,100,330,150
4,1900,10,1,250,118,100,330,150
4,1950,10,0,250,118,100,330,0
4,2000,11,0,250,118,100,340,0
4,2050,14,0,250,118,100,360,0
4,2100,17,0,250,118,100,390,0
4,2150,19,0,250,118,100,420,0
4,2200,27,0,250,118,100,450,0
4,2250,27,0,250,118,100,450,0
4,2300,31,0,250,118,100,470,0
4,2350,34,0,250,118,100,480,0
4,2400,36,0,250,118,100,510,0
4,2450,37,0,250,118,100,510,0
4,2500,39,0,250,118,100,540,0
4,2550,41,0,250,118,100,560,0
4,2600,43,0,250,118,100,570,0
4,2650,42,0,250,118,100,570,0
4,2700,40,0,250,118,100,570,0
4,2750,41,0,250,118,100,570,0
4,2800,42,0,250,118,100,590,0
4,2850,43,0,250,118,100,610,0
4,2900,41,0,250,118,100,630,0
4,2950,38,0,250,118,100,640,0
4,3000,36,0,250,118,100,670,0
5,0,100,50,250,100,50
5,0,100,50,250,100,50
5,50,92,55,250,100,55,40,40
5,100,89,63,250,100,63,40,70
5,150,86,76,250,100,76,70,90
5,200,87,84,250,100,84,120,90
5,250,68,96,250,100,96,130,120
5,300,46,100,250,100,100,130,160
5,350,40,100,250,100,100,150,170
5,400,27,99,250,100,100,160,170
5,450,22,96,250,100,100,180,170
5,500,19,90,250,100,100,210,170
5,550,13,90,250,100,100,220,170
5,600,12,85,250,100,100,240,170
5,650,10,76,250,100,100,250,130
5,700,7,71,250,100,100,250,150
5,750,5,67,250,100,100,270,160
5,800,6,62,250,100,100,290,160
5,850,7,53,250,100,100,290,160
5,900,5,47,250,100,100,310,160
5,950,6,40,250,100,100,320,160
5,1000,7,33,250,100,100,340,160
5,1050,8,23,250,100,100,350,160
5,1100,8,20,250,100,100,370,150
5,1150,8,12,250,100,100,370,150
5,1200,8,12,250,100,100,380,150
5,1250,9,10,250,100,100,400,150
5,1300,11,9,250,100,100,410,150
5,1350,12,9,250,100,100,460,150
5,1400,12,9,250,100,100,460,150
5,1450,11,8,250,100,100,460,160
5,1500,10,7,250,100,100,460,160
5,1550,11,6,250,100,100,470,160
5,1600,11,5,250,100,100,490,170
5,1650,11,5,250,100,100,500,180
5,1700,12,4,250,100,100,520,180
5,1750,14,4,250,100,100,560,180
5,1800,19,4,250,100,100,580,180
5,1850,23,4,250,100,100,590,210
5,1900,27,4,250,100,100,590,210
5,1950,30,5,250,100,100,620,210
5,2000,35,5,250,100,100,620,210
5,2050,44,5,250,100,100,680,210
5,2100,55,5,250,100,100,680,210
5,2150,70,5,250,100,100,700,220
5,2200,91,5,250,100,100,710,220
5,2250,117,5,250,118,100,760,220
5,2300,150,5,250,150,100,770,220
5,2350,149,5,250,150,100,800,230
5,2400,150,6,250,150,100,820,260
5,2450,150,10,250,150,100,830,300
5,2500,149,15,250,150,100,860,340
5,2550,149,25,250,150,100,880,360
5,2600,149,36,250,150,100,890,410
5,2650,146,52,250,150,100,920,420
5,2700,150,62,250,150,100,970,420
5,2750,149,71,250,150,100,980,450
5,2800,147,82,250,150,100,1000,470
5,2850,146,96,250,150,100,1000,470
5,2900,142,100,250,150,100,1010,470
5,2950,141,100,250,150,100,1030,480
5,3000,123,100,250,150,100,1030,500
6,0,100,50,250,100,50
6,0,100,50,250,100,50
6,50,94,55,250,100,55,40,40
6,100,106,66,250,106,66,70,60
6,150,110,77,250,110,77,70,80
6,200,107,93,250,115,93,100,80
6,250,102,100,250,115,100,120,110
6,300,103,100,250,115,100,130,140
6,350,91,100,250,115,100,150,160
6,400,92,98,250,115,100,160,180
6,450,79,100,250,115,100,160,180
6,500,58,99,250,115,100,180,210
6,550,51,98,250,115,100,190,210
6,600,45,99,250,115,100,190,220
6,650,31,99,250,115,100,210,220
6,700,25,99,250,115,100,230,220
6,750,22,100,250,115,100,250,220
6,800,18,90,250,115,100,280,220
6,850,14,86,250,115,100,290,240
6,900,10,84,250,115,100,310,240
6,950,15,73,250,115,100,320,240
6,1000,20,64,250,115,100,350,240
6,1050,22,54,250,115,100,370,240
6,1100,27,49,250,115,100,380,240
6,1150,23,39,250,115,100,380,240
6,1200,26,37,250,115,100,410,250
6,1250,24,38,250,115,100,440,270
6,1300,27,33,250,115,100,460,280
6,1350,25,34,250,115,100,470,300
6,1400,25,33,250,115,100,470,300
6,1450,22,29,250,115,100,470,300
6,1500,19,28,250,115,100,490,300
6,1550,18,27,250,115,100,490,300
6,1600,16,29,250,115,100,520,300
6,1650,13,31,250,115,100,460,300
6,1700,14,30,250,115,100,480,310
6,1750,13,25,250,115,100,500,330
6,1800,15,23,250,115,100,510,330
6,1850,16,20,250,115,100,510,330
6,1900,16,17,250,115,100,510,330
6,1950,20,17,250,115,100,540,330
6,2000,24,15,250,115,100,560,330
6,2050,27,13,250,115,100,570,330
6,2100,31,10,250,115,100,600,330
6,2150,34,9,250,115,100,630,330
6,2200,40,6,250,115,100,650,300
6,2250,46,6,250,115,100,660,300
6,2300,55,6,250,115,100,680,300
6,2350,65,5,250,115,100,690,300
6,2400,82,6,250,115,100,720,300
6,2450,97,5,250,115,100,720,310
6,2500,123,5,250,123,100,750,330
6,2550,143,6,250,143,100,750,350
6,2600,150,8,250,150,100,750,360
6,2650,149,10,250,150,100,750,390
6,2700,150,14,250,150,100,750,410
6,2750,149,18,250,150,100,780,430
6,2800,150,23,250,150,100,780,450
6,2850,150,27,250,150,100,800,460
6,2900,149,33,250,150,100,810,460
6,2950,150,39,250,150,100,830,470
6,3000,149,45,250,150,100,840,510
7,0,100,50,250,100,50
7,0,100,50,250,100,50
7,50,88,53,250,100,53,40,30
7,100,97,61,250,102,61,60,50
7,150,98,73,250,103,73,90,70
7,200,78,89,250,103,89,100,80
7,250,66,100,250,103,100,130,110
7,300,65,100,250,103,100,130,120
7,350,64,99,250,103,100,160,120
7,400,59,99,250,103,100,180,140
7,450,54,98,250,103,100,180,140
7,500,53,97,250,103,100,190,140
7,550,45,100,250,103,100,210,140
7,600,40,94,250,103,100,220,150
7,650,34,93,250,103,100,240,150
7,700,28,90,250,103,100,240,160
7,750,25,85,250,103,100,220,180
7,800,25,80,250,103,100,200,180
7,850,29,75,250,103,100,250,180
7,900,30,71,250,103,100,260,180
7,950,25,66,250,103,100,260,180
7,1000,27,61,250,103,100,280,180
7,1050,26,53,250,103,100,290,180
7,1100,28,48,250,103,100,290,180
7,1150,30,42,250,103,100,320,180
7,1200,32,35,250,103,100,350,180
7,1250,33,31,250,103,100,350,190
7,1300,37,28,250,103,100,380,190
7,1350,39,26,250,103,100,350,200
7,1400,43,25,250,103,100,360,200
7,1450,46,27,250,103,100,370,230
7,1500,51,28,250,103,100,370,230
7,1550,62,28,250,103,100,400,240
7,1600,66,31,250,103,100,420,240
7,1650,77,33,250,103,100,450,240
7,1700,77,39,250,103,100,460,250
7,1750,78,44,250,103,100,480,260
7,1800,87,46,250,103,100,490,290
7,1850,89,50,250,103,100,520,290
7,1900,90,54,250,103,100,510,320
7,1950,80,62,250,103,100,540,340
7,2000,68,71,250,103,100,570,340
7,2050,61,81,250,103,100,580,350
7,2100,47,87,250,103,100,610,350
7,2150,36,89,250,103,100,630,350
7,2200,28,93,250,103,100,640,370
7,2250,27,91,250,103,100,640,380
7,2300,25,92,250,103,100,660,380
7,2350,17,90,250,103,100,670,420
7,2400,18,86,250,103,100,690,430
7,2450,21,83,250,103,100,720,430
7,2500,14,74,250,103,100,730,430
7,2550,15,66,250,103,100,730,430
7,2600,14,60,250,103,100,760,430
7,2650,14,54,250,103,100,780,430
7,2700,12,49,250,103,100,790,430
7,2750,8,43,250,103,100,810,430
7,2800,7,38,250,103,100,790,430
7,2850,6,29,250,103,100,790,340
7,2900,5,24,250,103,100,800,340
7,2950,6,20,250,103,100,820,340
7,3000,7,15,250,103,100,820,340
8,0,100,50,250,100,50
8,0,100,50,250,100,50
8,50,93,53,250,100,53,30,40
8,100,110,55,250,110,55,70,60
8,150,117,62,250,118,62,90,80
8,200,106,79,250,118,79,100,110
8,250,102,90,250,118,90,100,110
8,300,102,100,250,118,100,130,120
8,350,93,100,250,118,100,160,120
8,400,86,100,250,118,100,180,130
8,450,86,97,250,118,100,190,160
8,500,74,99,250,118,100,210,180
8,550,64,99,250,118,100,210,180
8,600,56,100,250,118,100,220,180
8,650,48,100,250,118,100,220,180
8,700,37,100,250,118,100,230,180
8,750,31,97,250,118,100,250,180
8,800,24,95,250,118,100,260,180
8,850,23,92,250,118,100,280,190
8,900,21,89,250,118,100,310,190
8,950,19,80,250,118,100,270,190
8,1000,17,77,250,118,100,280,200
8,1050,16,69,250,118,100,280,200
8,1100,15,60,250,118,100,310,200
8,1150,18,51,250,118,100,330,200
8,1200,16,46,250,118,100,340,200
8,1250,16,43,250,118,100,370,200
8,1300,19,38,250,118,100,400,210
8,1350,19,35,250,118,100,400,210
8,1400,24,29,250,118,100,430,210
8,1450,28,28,250,118,100,460,210
8,1500,31,28,250,118,100,490,210
8,1550,32,28,250,118,100,490,240
8,1600,32,30,250,118,100,490,240
8,1650,30,32,250,118,100,520,240
8,1700,31,28,250,118,100,520,240
8,1750,36,26,250,118,100,540,240
8,1800,36,29,250,118,100,550,260
8,1850,36,27,250,118,100,550,270
8,1900,36,29,250,118,100,550,270
8,1950,35,31,250,118,100,600,270
8,2000,35,32,250,118,100,610,270
8,2050,39,32,250,118,100,640,290
8,2100,47,32,250,118,100,670,290
8,2150,54,33,250,118,100,720,290
8,2200,58,33,250,118,100,730,290
8,2250,60,30,250,118,100,750,300
8,2300,70,32,250,118,100,780,300
8,2350,75,31,250,118,100,790,300
8,2400,84,29,250,118,100,790,300
8,2450,98,32,250,118,100,820,300
8,2500,113,37,250,118,100,850,300
8,2550,112,50,250,118,100,850,340
8,2600,120,63,250,125,100,870,350
8,2650,127,69,250,127,100,900,360
8,2700,145,77,250,146,100,930,360
8,2750,134,94,250,148,100,940,380
8,2800,114,100,250,148,100,970,410
8,2850,113,100,250,148,100,1000,420
8,2900,100,99,250,148,100,1030,450
8,2950,103,100,250,148,100,1050,450
8,3000,102,100,250,148,100,1080,450
9,0,100,50,250,100,50
9,0,100,50,250,100,50
9,50,91,51,250,100,51,40,40
9,100,98,57,250,100,57,60,50
9,150,104,74,250,111,74,70,60
9,200,86,86,250,111,86,90,80
9,250,69,97,250,111,97,100,90
9,300,60,99,250,111,100,100,110
9,350,49,100,250,111,100,100,110
9,400,35,100,250,111,100,120,130
9,450,26,100,250,111,100,140,130
9,500,19,98,250,111,100,140,150
9,550,20,93,250,111,100,170,160
9,600,12,88,250,111,100,170,160
9,650,11,79,250,111,100,160,160
9,700,12,72,250,111,100,190,160
9,750,12,63,250,111,100,190,160
9,800,11,53,250,111,100,210,160
9,850,10,45,250,111,100,210,160
9,900,11,42,250,111,100,210,160
9,950,11,32,250,111,100,220,180
9,1000,11,25,250,111,100,220,180
9,1050,11,20,250,111,100,230,180
9,1100,11,16,250,111,100,250,180
9,1150,10,13,250,111,100,260,190
9,1200,9,9,250,111,100,260,190
9,1250,10,6,250,111,100,260,190
9,1300,9,5,250,111,100,260,190
9,1350,10,4,250,111,100,290,190
9,1400,10,3,250,111,100,300,190
9,1450,10,3,250,111,100,300,190
9,1500,11,3,250,111,100,330,190
9,1550,11,2,250,111,100,330,190
9,1600,12,2,250,111,100,360,200
9,1650,13,2,250,111,100,360,200
9,1700,16,1,250,111,100,390,200
9,1750,16,2,250,111,100,390,230
9,1800,18,2,250,111,100,400,230
9,1850,21,2,250,111,100,420,230
9,1900,24,2,250,111,100,440,230
9,1950,27,2,250,111,100,450,230
9,2000,27,2,250,111,100,450,240
9,2050,30,2,250,111,100,480,240
9,2100,32,3,250,111,100,510,270
9,2150,38,3,250,111,100,530,270
9,2200,45,3,250,111,100,560,270
9,2250,53,4,250,111,100,570,290
9,2300,59,4,250,111,100,600,290
9,2350,68,4,250,111,100,620,290
9,2400,82,4,250,111,100,650,290
9,2450,90,4,250,111,100,660,300
9,2500,105,4,250,111,100,680,300
9,2550,122,5,250,122,100,690,320
9,2600,141,7,250,141,100,710,360
9,2650,150,9,250,150,100,710,390
9,2700,150,11,250,150,100,710,400
9,2750,150,13,250,150,100,710,410
9,2800,149,13,250,150,100,720,410
9,2850,150,14,250,150,100,710,450
9,2900,150,16,250,150,100,710,470
9,2950,149,17,250,150,100,740,500
9,3000,149,18,250,150,100,750,520
10,0,100,50,250,100,50
10,0,100,50,250,100,50
10,50,85,54,250,100,54,30,40
10,100,99,59,250,100,59,60,40
10,150,95,74,250,100,74,70,60
10,200,91,84,250,103,84,90,70
10,250,90,96,250,103,96,120,90
10,300,88,100,250,103,100,130,90
10,350,71,100,250,103,100,130,110
10,400,58,100,250,103,100,150,120
10,450,43,98,250,103,100,160,130
10,500,37,95,250,103,100,190,140
10,550,33,89,250,103,100,220,140
10,600,28,91,250,103,100,220,150
10,650,27,92,250,103,100,250,150
10,700,23,90,250,103,100,270,150
10,750,21,82,250,103,100,280,150
10,800,27,73,250,103,100,310,160
10,850,30,71,250,103,100,330,160
10,900,27,71,250,103,100,340,190
10,950,24,66,250,103,100,340,190
10,1000,25,62,250,103,100,360,190
10,1050,28,51,250,103,100,370,190
10,1100,29,46,250,103,100,400,190
10,1150,32,42,250,103,100,420,210
10,1200,39,34,250,103,100,430,210
10,1250,44,30,250,103,100,430,210
10,1300,51,29,250,103,100,450,210
10,1350,60,27,250,103,100,460,210
10,1400,56,27,250,103,100,480,240
10,1450,52,31,250,103,100,480,260
10,1500,50,36,250,103,100,490,270
10,1550,42,40,250,103,100,510,270
10,1600,37,43,250,103,100,510,270
10,1650,33,45,250,103,100,480,270
10,1700,33,46,250,103,100,480,270
10,1750,33,45,250,103,100,460,270
10,1800,31,43,250,103,100,460,270
10,1850,33,42,250,103,100,430,270
10,1900,33,40,250,103,100,460,270
10,1950,35,38,250,103,100,480,270
10,2000,38,35,250,103,100,520,270
10,2050,47,33,250,103,100,520,270
10,2100,51,33,250,103,100,540,300
10,2150,59,29,250,103,100,570,310
10,2200,64,32,250,103,100,600,350
10,2250,70,32,250,103,100,610,390
10,2300,85,36,250,103,100,640,420
10,2350,88,34,250,103,100,670,450
10,2400,88,39,250,103,100,660,490
10,2450,83,44,250,103,100,660,490
10,2500,72,54,250,103,100,670,500
10,2550,59,61,250,103,100,680,550
10,2600,51,69,250,103,100,710,560
10,2650,44,73,250,103,100,710,560
10,2700,42,77,250,103,100,710,570
10,2750,49,81,250,103,100,720,570
10,2800,45,83,250,103,100,730,570
10,2850,57,80,250,103,100,760,570
10,2900,66,80,250,103,100,780,570
10,2950,82,74,250,103,100,790,570
10,3000,87,78,250,103,100,810,570
11,0,100,50,250,100,50
11,0,100,50,250,100,50
11,50,86,55,250,100,55,40,60
11,100,88,62,250,100,62,60,70
11,150,88,72,250,100,72,70,80
11,200,86,81,250,100,81,100,80
11,250,79,92,250,100,92,130,110
11,300,61,99,250,100,100,130,140
11,350,58,100,250,100,100,160,150
11,400,43,100,250,100,100,180,150
11,450,41,98,250,100,100,190,150
11,500,40,98,250,100,100,210,150
11,550,40,90,250,100,100,210,150
11,600,36,86,250,100,100,220,150
11,650,30,83,250,100,100,220,150
11,700,27,79,250,100,100,220,150
11,750,22,73,250,100,100,240,150
11,800,18,64,250,100,100,270,140
11,850,12,57,250,100,100,200,150
11,900,10,47,250,100,100,200,150
11,950,7,40,250,100,100,180,150
11,1000,5,33,250,100,100,180,150
11,1050,5,27,250,100,100,180,150
11,1100,5,24,250,100,100,180,150
11,1150,5,23,250,100,100,180,150
11,1200,6,17,250,100,100,210,150
11,1250,4,12,250,100,100,210,150
11,1300,4,9,250,100,100,210,150
11,1350,5,7,250,100,100,230,150
11,1400,4,4,250,100,100,230,110
11,1450,3,2,250,100,100,230,100
11,1500,3,2,250,100,100,230,100
11,1550,3,2,250,100,100,230,100
11,1600,2,2,250,100,100,180,100
11,1650,2,2,250,100,100,180,100
11,1700,2,2,250,100,100,180,100
11,1750,0,1,250,100,100,0,100
11,1800,0,0,250,100,100,0,0
11,1850,0,0,250,100,100,0,0
11,1900,0,0,250,100,100,0,0
11,1950,0,0,250,100,100,0,0
11,2000,0,0,250,100,100,0,0
11,2050,0,0,250,100,100,0,0
11,2100,0,0,250,100,100,0,0
11,2150,0,0,250,100,100,0,0
11,2200,0,0,250,100,100,0,0
11,2250,0,0,250,100,100,0,0
11,2300,0,0,250,100,100,0,0
11,2350,0,0,250,100,100,0,0
11,2400,0,0,250,100,100,0,0
11,2450,0,0,250,100,100,0,0
11,2500,0,0,250,100,100,0,0
11,2550,0,0,250,100,100,0,0
11,2600,0,0,250,100,100,0,0
11,2650,0,0,250,100,100,0,0
11,2700,0,0,250,100,100,0,0
11,2750,0,0,250,100,100,0,0
11,2800,0,0,250,100,100,0,0
11,2850,0,0,250,100,100,0,0
11,2900,0,0,250,100,100,0,0
11,2950,0,0,250,100,100,0,0
11,3000,0,0,250,100,100,0,0
12,0,100,50,250,100,50
12,0,100,50,250,100,50
12,50,98,52,250,100,52,40,30
12,100,92,60,250,102,60,70,60
12,150,88,75,250,102,75,90,80
12,200,78,83,250,102,83,100,90
12,250,59,93,250,102,93,100,110
12,300,51,99,250,102,100,120,110
12,350,44,100,250,102,100,130,120
12,400,28,100,250,102,100,160,120
12,450,30,97,250,102,100,190,120
12,500,29,92,250,102,100,210,120
12,550,22,82,250,102,100,220,120
12,600,21,74,250,102,100,210,120
12,650,19,70,250,102,100,210,130
12,700,18,58,250,102,100,220,130
12,750,23,51,250,102,100,230,130
12,800,25,37,250,102,100,250,140
12,850,28,31,250,102,100,260,140
12,900,33,27,250,102,100,280,140
12,950,39,24,250,102,100,300,140
12,1000,45,20,250,102,100,310,140
12,1050,50,19,250,102,100,340,150
12,1100,60,18,250,102,100,360,150
12,1150,67,21,250,102,100,370,170
12,1200,77,24,250,102,100,400,190
12,1250,90,27,250,102,100,430,190
12,1300,98,29,250,102,100,460,200
12,1350,109,36,250,112,100,490,210
12,1400,117,45,250,119,100,510,240
12,1450,116,53,250,119,100,550,260
12,1500,111,63,250,120,100,570,270
12,1550,111,78,250,120,100,600,290
12,1600,109,87,250,120,100,630,320
12,1650,90,100,250,120,100,640,340
12,1700,78,100,250,120,100,660,340
12,1750,75,100,250,120,100,690,340
12,1800,75,100,250,120,100,700,350
12,1850,71,99,250,120,100,750,370
12,1900,58,99,250,120,100,790,370
12,1950,47,98,250,120,100,820,370
12,2000,52,98,250,120,100,820,370
12,2050,50,99,250,120,100,840,370
12,2100,43,97,250,120,100,850,380
12,2150,34,98,250,120,100,850,380
12,2200,31,98,250,120,100,850,380
12,2250,25,98,250,120,100,850,380
12,2300,19,96,250,120,100,810,380
12,2350,19,90,250,120,100,810,380
12,2400,19,79,250,120,100,760,380
12,2450,18,72,250,120,100,790,380
12,2500,19,67,250,120,100,810,380
12,2550,17,64,250,120,100,820,390
12,2600,17,58,250,120,100,840,390
12,2650,14,53,250,120,100,850,400
12,2700,14,41,250,120,100,880,400
12,2750,17,36,250,120,100,900,400
12,2800,15,33,250,120,100,910,400
12,2850,20,29,250,120,100,940,400
12,2900,21,28,250,120,100,960,400
12,2950,30,25,250,120,100,1000,400
12,3000,35,23,250,120,100,1030,400
13,0,100,50,250,100,50
13,0,100,50,250,100,50
13,50,92,52,250,100,52,40,30
13,100,100,60,250,101,60,60,40
13,150,90,76,250,101,76,70,60
13,200,88,90,250,101,90,120,90
13,250,79,100,250,101,100,130,100
13,300,63,100,250,101,100,160,120
13,350,54,100,250,101,100,150,120
13,400,47,99,250,101,100,160,120
13,450,49,95,250,101,100,160,120
13,500,45,93,250,101,100,190,120
13,550,42,92,250,101,100,210,120
13,600,37,90,250,101,100,200,120
13,650,35,82,250,101,100,220,120
13,700,20,79,250,101,100,220,130
13,750,14,71,250,101,100,220,130
13,800,13,70,250,101,100,220,160
13,850,11,67,250,101,100,220,160
13,900,9,60,250,101,100,220,160
13,950,8,55,250,101,100,220,160
13,1000,9,48,250,101,100,230,160
13,1050,10,42,250,101,100,250,160
13,1100,10,30,250,101,100,280,160
13,1150,11,26,250,101,100,320,160
13,1200,13,19,250,101,100,320,160
13,1250,15,16,250,101,100,320,160
13,1300,20,12,250,101,100,340,120
13,1350,23,8,250,101,100,370,110
13,1400,26,5,250,101,100,380,100
13,1450,28,4,250,101,100,380,110
13,1500,31,3,250,101,100,400,110
13,1550,35,3,250,101,100,410,110
13,1600,40,4,250,101,100,440,110
13,1650,47,4,250,101,100,440,110
13,1700,60,4,250,101,100,460,110
13,1750,68,4,250,101,100,490,110
13,1800,78,3,250,101,100,500,90
13,1850,85,3,250,101,100,520,100
13,1900,104,4,250,104,100,530,120
13,1950,121,5,250,121,100,530,140
13,2000,150,5,250,150,100,560,150
13,2050,150,5,250,150,100,580,150
13,2100,150,5,250,150,100,610,150
13,2150,150,4,250,150,100,620,150
13,2200,150,4,250,150,100,640,150
13,2250,150,4,250,150,100,650,150
13,2300,150,4,250,150,100,670,150
13,2350,150,4,250,150,100,700,150
13,2400,150,3,250,150,100,730,150
13,2450,150,4,250,150,100,740,160
13,2500,150,5,250,150,100,760,180
13,2550,150,5,250,150,100,770,180
13,2600,150,6,250,150,100,800,190
13,2650,150,6,250,150,100,820,190
13,2700,150,7,250,150,100,830,190
13,2750,150,6,250,150,100,860,190
13,2800,150,7,250,150,100,890,190
13,2850,150,9,250,150,100,910,210
13,2900,150,10,250,150,100,940,220
13,2950,149,11,250,150,100,950,250
13,3000,150,13,250,150,100,970,250
14,0,100,50,250,100,50
14,0,100,50,250,100,50
14,50,89,52,250,100,52,40,30
14,100,95,60,250,100,60,70,60
14,150,101,74,250,108,74,100,70
14,200,99,94,250,108,94,130,80
14,250,84,100,250,108,100,160,90
14,300,68,100,250,108,100,180,110
14,350,60,100,250,108,100,190,130
14,400,54,100,250,108,100,220,130
14,450,51,99,250,108,100,250,130
14,500,38,100,250,108,100,220,130
14,550,34,100,250,108,100,250,130
14,600,27,98,250,108,100,270,140
14,650,23,100,250,108,100,280,160
14,700,17,96,250,108,100,250,170
14,750,20,89,250,108,100,270,170
14,800,21,84,250,108,100,280,170
14,850,17,83,250,108,100,310,170
14,900,15,72,250,108,100,340,170
14,950,10,67,250,108,100,340,180
14,1000,9,53,250,108,100,340,180
14,1050,8,48,250,108,100,340,180
14,1100,10,39,250,108,100,360,180
14,1150,11,34,250,108,100,370,180
14,1200,10,31,250,108,100,390,180
14,1250,12,28,250,108,100,400,180
14,1300,11,22,250,108,100,420,180
14,1350,10,18,250,108,100,430,180
14,1400,11,15,250,108,100,430,150
14,1450,11,12,250,108,100,460,150
14,1500,15,9,250,108,100,460,150
14,1550,19,9,250,108,100,490,150
14,1600,28,7,250,108,100,520,150
14,1650,37,6,250,108,100,550,150
14,1700,45,5,250,108,100,580,150
14,1750,57,5,250,108,100,580,150
14,1800,66,4,250,108,100,610,150
14,1850,83,5,250,108,100,630,180
14,1900,93,6,250,108,100,640,180
14,1950,109,7,250,109,100,680,190
14,2000,132,8,250,132,100,700,190
14,2050,150,10,250,150,100,710,220
14,2100,150,12,250,150,100,730,250
14,2150,149,15,250,150,100,730,250
14,2200,150,17,250,150,100,750,260
14,2250,148,25,250,150,100,780,290
14,2300,149,28,250,150,100,800,290
14,2350,150,36,250,150,100,830,310
14,2400,149,41,250,150,100,850,310
14,2450,150,46,250,150,100,880,310
14,2500,150,50,250,150,100,890,310
14,2550,150,58,250,150,100,910,360
14,2600,149,64,250,150,100,920,360
14,2650,146,71,250,150,100,940,370
14,2700,146,82,250,150,100,970,410
14,2750,140,92,250,150,100,980,420
14,2800,128,97,250,150,100,1000,430
14,2850,116,99,250,150,100,1010,430
14,2900,111,100,250,150,100,1030,450
14,2950,109,100,250,150,100,1040,450
14,3000,101,100,250,150,100,1070,500
15,0,100,50,250,100,50
15,0,100,50,250,100,50
15,50,99,52,250,100,52,40,30
15,100,104,67,250,112,67,70,50
15,150,109,76,250,112,76,90,90
15,200,103,88,250,112,88,100,110
15,250,93,100,250,112,100,120,140
15,300,90,99,250,112,100,150,160
15,350,72,100,250,112,100,150,160
15,400,60,100,250,112,100,180,160
15,450,45,100,250,112,100,190,160
15,500,45,100,250,112,100,240,170
15,550,38,95,250,112,100,240,180
15,600,36,96,250,112,100,270,180
15,650,26,92,250,112,100,280,180
15,700,17,87,250,112,100,280,180
15,750,11,85,250,112,100,300,180
15,800,10,77,250,112,100,300,180
15,850,11,70,250,112,100,300,180
15,900,10,61,250,112,100,310,180
15,950,9,52,250,112,100,340,180
15,1000,13,48,250,112,100,370,180
15,1050,14,47,250,112,100,390,180
15,1100,17,43,250,112,100,420,180
15,1150,19,38,250,112,100,430,180
15,1200,21,36,250,112,100,460,180
15,1250,20,33,250,112,100,490,180
15,1300,22,30,250,112,100,490,190
15,1350,26,24,250,112,100,520,190
15,1400,32,23,250,112,100,550,190
15,1450,39,19,250,112,100,580,190
15,1500,51,17,250,112,100,600,190
15,1550,62,15,250,112,100,610,190
15,1600,76,15,250,112,100,660,190
15,1650,93,17,250,112,100,690,220
15,1700,111,18,250,112,100,700,240
15,1750,113,22,250,116,100,730,250
15,1800,123,28,250,124,100,750,280
15,1850,137,32,250,139,100,760,290
15,1900,150,36,250,150,100,810,290
15,1950,150,43,250,150,100,820,300
15,2000,148,50,250,150,100,820,320
15,2050,139,61,250,150,100,840,320
15,2100,150,66,250,150,100,850,320
15,2150,150,70,250,150,100,850,320
15,2200,148,76,250,150,100,880,320
15,2250,144,83,250,150,100,910,330
15,2300,132,95,250,150,100,910,340
15,2350,120,98,250,150,100,910,390
15,2400,103,99,250,150,100,940,390
15,2450,93,99,250,150,100,970,410
15,2500,75,100,250,150,100,1000,420
15,2550,60,99,250,150,100,880,440
15,2600,49,99,250,150,100,910,440
15,2650,35,95,250,150,100,870,450
15,2700,31,96,250,150,100,870,470
15,2750,22,95,250,150,100,890,480
15,2800,15,90,250,150,100,890,480
15,2850,10,89,250,150,100,910,480
15,2900,6,81,250,150,100,890,480
15,2950,3,77,250,150,100,890,480
15,3000,2,71,250,150,100,860,480
16,0,100,50,250,100,50
16,0,100,50,250,100,50
16,50,113,52,250,113,52,40,40
16,100,126,60,250,126,60,70,70
16,150,149,71,250,150,71,100,80
16,200,141,93,250,150,93,120,110
16,250,145,100,250,150,100,150,130
16,300,142,100,250,150,100,160,160
16,350,131,100,250,150,100,180,160
16,400,123,100,250,150,100,190,160
16,450,102,100,250,150,100,220,160
16,500,86,100,250,150,100,250,210
16,550,75,99,250,150,100,270,220
16,600,67,100,250,150,100,280,220
16,650,67,100,250,150,100,330,220
16,700,48,100,250,150,100,360,230
16,750,48,99,250,150,100,370,230
16,800,42,98,250,150,100,390,260
16,850,38,98,250,150,100,420,270
16,900,37,100,250,150,100,400,280
16,950,35,99,250,150,100,420,280
16,1000,37,95,250,150,100,430,280
16,1050,34,92,250,150,100,450,280
16,1100,33,91,250,150,100,460,280
16,1150,27,84,250,150,100,490,280
16,1200,22,77,250,150,100,520,280
16,1250,22,76,250,150,100,520,280
16,1300,18,75,250,150,100,520,280
16,1350,19,74,250,150,100,550,280
16,1400,19,67,250,150,100,570,280
16,1450,23,58,250,150,100,580,240
16,1500,21,53,250,150,100,570,240
16,1550,21,50,250,150,100,570,240
16,1600,21,49,250,150,100,580,260
16,1650,23,41,250,150,100,590,270
16,1700,28,39,250,150,100,620,270
16,1750,29,39,250,150,100,640,270
16,1800,30,38,250,150,100,650,270
16,1850,36,35,250,150,100,680,290
16,1900,36,37,250,150,100,700,290
16,1950,39,36,250,150,100,710,290
16,2000,55,33,250,150,100,740,290
16,2050,68,34,250,150,100,770,310
16,2100,77,37,250,150,100,770,310
16,2150,78,43,250,150,100,790,350
16,2200,80,48,250,150,100,820,390
16,2250,80,56,250,150,100,830,410
16,2300,75,60,250,150,100,860,410
16,2350,80,66,250,150,100,890,410
16,2400,83,74,250,150,100,920,410
16,2450,75,85,250,150,100,940,420
16,2500,82,90,250,150,100,950,420
16,2550,73,99,250,150,100,980,440
16,2600,70,100,250,150,100,1000,440
16,2650,61,100,250,150,100,1010,450
16,2700,65,99,250,150,100,1030,450
16,2750,63,95,250,150,100,1040,450
16,2800,52,97,250,150,100,1070,450
16,2850,51,92,250,150,100,1090,470
16,2900,41,87,250,150,100,1100,470
16,2950,42,83,250,150,100,1130,470
16,3000,42,81,250,150,100,1160,470
17,0,100,50,250,100,50
17,0,100,50,250,100,50
17,50,90,55,250,100,55,40,40
17,100,99,65,250,104,65,70,60
17,150,106,83,250,108,83,100,90
17,200,101,98,250,108,98,120,90
17,250,96,100,250,108,100,150,110
17,300,76,100,250,108,100,180,120
17,350,66,99,250,108,100,210,130
17,400,64,100,250,108,100,190,160
17,450,51,100,250,108,100,210,160
17,500,45,100,250,108,100,220,160
17,550,42,96,250,108,100,250,160
17,600,35,100,250,108,100,280,160
17,650,30,98,250,108,100,280,170
17,700,30,96,250,108,100,310,170
17,750,28,92,250,108,100,310,170
17,800,23,85,250,108,100,310,190
17,850,22,79,250,108,100,300,190
17,900,18,73,250,108,100,310,190
17,950,18,63,250,108,100,310,190
17,1000,20,57,250,108,100,310,190
17,1050,17,46,250,108,100,310,190
17,1100,15,39,250,108,100,280,190
17,1150,14,36,250,108,100,290,200
17,1200,13,31,250,108,100,290,200
17,1250,12,23,250,108,100,290,200
17,1300,11,21,250,108,100,290,200
17,1350,12,18,250,108,100,300,200
17,1400,11,13,250,108,100,300,200
17,1450,10,13,250,108,100,300,200
17,1500,8,12,250,108,100,300,200
17,1550,9,10,250,108,100,310,200
17,1600,10,9,250,108,100,340,170
17,1650,9,8,250,108,100,340,170
17,1700,10,7,250,108,100,360,170
17,1750,9,7,250,108,100,360,170
17,1800,10,6,250,108,100,360,170
17,1850,10,6,250,108,100,370,170
17,1900,8,4,250,108,100,370,170
17,1950,7,4,250,108,100,370,170
17,2000,7,2,250,108,100,370,140
17,2050,6,1,250,108,100,370,100
17,2100,6,1,250,108,100,370,100
17,2150,6,1,250,108,100,380,100
17,2200,6,1,250,108,100,380,100
17,2250,4,1,250,108,100,380,100
17,2300,4,0,250,108,100,380,0
17,2350,3,0,250,108,100,380,0
17,2400,3,0,250,108,100,390,0
17,2450,3,0,250,108,100,390,0
17,2500,3,0,250,108,100,390,0
17,2550,2,0,250,108,100,390,0
17,2600,2,0,250,108,100,390,0
17,2650,2,0,250,108,100,390,0
17,2700,2,0,250,108,100,390,0
17,2750,2,0,250,108,100,390,0
17,2800,2,0,250,108,100,390,0
17,2850,2,0,250,108,100,390,0
17,2900,2,0,250,108,100,390,0
17,2950,1,0,250,108,100,390,0
17,3000,1,0,250,108,100,390,0
18,0,100,50,250,100,50
18,0,100,50,250,100,50
18,50,103,56,250,103,56,40,40
18,100,90,71,250,107,71,60,70
18,150,83,88,250,107,88,100,100
18,200,87,100,250,107,100,120,110
18,250,80,100,250,107,100,130,120
18,300,76,100,250,107,100,150,160
18,350,60,100,250,107,100,160,170
18,400,48,99,250,107,100,190,170
18,450,32,100,250,107,100,210,170
18,500,19,100,250,107,100,220,170
18,550,11,99,250,107,100,220,170
18,600,12,93,250,107,100,250,170
18,650,11,90,250,107,100,250,170
18,700,4,83,250,107,100,250,170
18,750,3,68,250,107,100,280,170
18,800,2,59,250,107,100,280,170
18,850,2,51,250,107,100,280,170
18,900,1,35,250,107,100,280,170
18,950,2,27,250,107,100,310,140
18,1000,3,21,250,107,100,340,140
18,1050,3,14,250,107,100,340,140
18,1100,5,12,250,107,100,370,140
18,1150,7,11,250,107,100,400,140
18,1200,8,7,250,107,100,420,150
18,1250,11,5,250,107,100,450,150
18,1300,10,4,250,107,100,450,180
18,1350,13,5,250,107,100,460,190
18,1400,18,3,250,107,100,490,200
18,1450,23,3,250,107,100,520,200
18,1500,29,4,250,107,100,550,220
18,1550,37,5,250,107,100,570,260
18,1600,48,6,250,107,100,600,270
18,1650,57,6,250,107,100,630,280
18,1700,67,6,250,107,100,640,280
18,1750,80,8,250,107,100,660,280
18,1800,106,10,250,107,100,670,280
18,1850,137,11,250,137,100,690,310
18,1900,150,12,250,150,100,720,330
18,1950,150,15,250,150,100,760,330
18,2000,150,16,250,150,100,760,340
18,2050,149,20,250,150,100,780,360
18,2100,150,25,250,150,100,790,370
18,2150,149,30,250,150,100,810,380
18,2200,150,37,250,150,100,820,400
18,2250,150,46,250,150,100,850,420
18,2300,148,53,250,150,100,880,430
18,2350,147,64,250,150,100,900,460
18,2400,135,77,250,150,100,930,500
18,2450,126,92,250,150,100,970,520
18,2500,127,100,250,150,100,970,520
